Coords,Mags F555,Mags F336,Aperture Radius
"(439, 47)",22.378338754419964,20.999793833361977,8
"(560, 52)",26.763192271664757,22.67103336865005,8
"(562, 52)",25.768167363524945,22.67103336865005,8
"(719, 52)",20.99406390632938,19.362425152550266,8
"(719, 54)",20.979498226887152,19.368616313335494,8
"(716, 55)",20.97139627656224,19.471562648284177,8
"(717, 57)",20.999846568632996,19.414032585177807,8
"(631, 59)",21.798433874090968,19.779606865791997,8
"(628, 60)",22.397308636392673,20.908374530573475,8
"(630, 61)",22.27895099298513,20.04547722694595,8
"(628, 62)",22.448044903698715,23.704529746931833,8
"(632, 62)",21.840002244545296,19.775748154552687,8
"(630, 63)",24.503986126720754,21.66800713255069,8
"(348, 65)",23.799226553708046,21.624419307182478,8
"(212, 66)",22.655754958082177,20.505410159902233,8
"(381, 66)",23.467671886773715,21.232012737251047,8
"(209, 67)",22.586054919265862,20.418742978847952,8
"(211, 68)",22.587660877379314,20.424047402388638,8
"(181, 72)",22.554887543195342,20.428456286061873,8
"(180, 74)",22.78415442993272,20.428456286061873,8
"(179, 76)",23.4750885903506,20.87777268920582,8
"(181, 76)",22.99912316180174,20.47628625904185,8
"(149, 77)",22.951908112190985,20.677887001291545,8
"(592, 78)",25.478874937691636,23.871166176087883,8
"(211, 79)",23.451171487220897,20.805686868077117,8
"(605, 79)",23.779138236436232,21.810099592514966,8
"(83, 80)",22.320527508875642,20.133576050173673,8
"(85, 80)",22.398102739754712,20.169106002645194,8
"(213, 80)",22.88607015941897,20.805686868077117,8
"(215, 80)",22.99067573537178,20.615038120758044,8
"(592, 80)",24.5938820225819,23.871166176087883,8
"(114, 82)",22.83653080958564,20.91370660116212,8
"(152, 82)",22.056729497886757,20.16075705814213,8
"(213, 82)",22.851074980250445,20.67354650607342,8
"(215, 82)",22.844937541925255,20.67354650607342,8
"(154, 83)",22.21067007248171,20.16075705814213,8
"(150, 84)",22.15437454996549,19.91849448686431,8
"(156, 84)",25.363730532118716,23.214221644345493,8
"(208, 85)",23.159363436124067,20.615711441524574,8
"(210, 85)",23.035309241374073,20.778765462428254,8
"(726, 85)",22.634049772264653,20.679481808086848,8
"(650, 87)",25.868623656574208,21.9268601759115,8
"(725, 87)",22.642498236923807,20.703332222504365,8
"(727, 87)",22.748344633972046,20.703332222504365,8
"(650, 89)",22.1822759277429,19.883866005158858,8
"(496, 90)",26.52385459350917,23.056678916422094,8
"(498, 90)",24.668317965986546,22.82615850197579,8
"(634, 90)",24.267930152488184,21.294272856219465,8
"(358, 91)",19.28734819806411,17.320347094756762,8
"(528, 92)",22.63699054212359,20.120251786070135,8
"(652, 92)",21.888410014916246,19.738688946795392,8
"(654, 92)",21.81529729190749,19.840967671326418,8
"(707, 92)",23.566229295993857,22.306862837361827,8
"(530, 93)",22.3354891002083,20.120251786070135,8
"(407, 94)",22.754353331323237,20.511612026980693,8
"(409, 94)",22.71842712721613,20.514301479049692,8
"(652, 94)",22.13140962169893,19.877490455436224,8
"(711, 94)",22.42164824716152,20.338003576328546,8
"(713, 94)",22.514198576173975,20.350523805993312,8
"(451, 96)",24.33460122495262,22.71976109389594,8
"(239, 98)",23.649334103746035,21.58188570584516,8
"(302, 98)",24.057306069018715,21.496184912503864,8
"(498, 98)",23.15513167116748,20.749018425258406,8
"(325, 99)",23.42229557427975,20.99002910616916,8
"(500, 99)",22.93409513583999,21.058633543173038,8
"(240, 100)",23.765431139163802,21.606383948120076,8
"(498, 100)",23.618861440285016,21.058633543173038,8
"(235, 101)",23.85778125506281,21.637527123468807,8
"(483, 101)",22.446839095342376,20.44009148240091,8
"(485, 101)",22.30459389755986,20.323126063130125,8
"(484, 103)",22.327244295833054,20.247946293378043,8
"(486, 103)",22.225348240501788,20.247946293378043,8
"(520, 106)",22.67922798890801,20.42504191605488,8
"(690, 106)",22.659583684686808,20.645170381735916,8
"(534, 107)",24.237986929478502,21.6189899830431,8
"(520, 108)",22.53608172311249,20.42504191605488,8
"(532, 108)",24.154165025356058,22.176594926600053,8
"(694, 108)",22.397303647193404,20.400170682137386,8
"(534, 109)",23.7920218978089,21.956523152146588,8
"(155, 110)",22.470158652053485,20.591169082532282,8
"(532, 110)",23.535999607339377,21.3289036859421,8
"(754, 110)",23.263007686893644,21.050620124060472,8
"(536, 111)",23.739919418991597,23.24246298533822,8
"(673, 111)",23.26916498549045,20.70463366831418,8
"(153, 112)",22.533262688781285,20.597153688003054,8
"(155, 112)",22.51239549561327,20.72276012595514,8
"(248, 113)",24.88399848037856,22.435944715501172,8
"(534, 113)",23.367623357184684,22.739596563548716,8
"(536, 113)",24.342378530113614,23.24246298533822,8
"(542, 113)",22.472280182461184,20.337285308825344,8
"(569, 113)",22.991887584046232,20.719904075217777,8
"(154, 114)",22.66599521501,20.597153688003054,8
"(769, 114)",24.686982973372075,22.7604814198273,8
"(771, 114)",25.656939548848833,24.897110723993897,8
"(169, 115)",24.607797692181805,22.89413655648481,8
"(583, 115)",22.556171813313078,20.454470565164037,8
"(585, 115)",22.553319125361917,20.56757004847391,8
"(714, 115)",24.278979579874864,23.270991061816638,8
"(401, 116)",23.565994501675043,21.250404933637064,8
"(712, 116)",24.556045707044717,23.270991061816638,8
"(115, 117)",22.06056762199065,19.981964904698152,8
"(117, 117)",22.0944589154752,20.447125263199602,8
"(169, 117)",26.92749610018138,22.89413655648481,8
"(714, 117)",24.181495057507405,23.814503960844952,8
"(716, 117)",24.161112952189022,22.75603848158304,8
"(710, 118)",25.420666824925938,23.162925686421723,8
"(712, 118)",24.500808933870623,23.162925686421723,8
"(714, 119)",23.89046377917,21.99606419061704,8
"(85, 120)",22.6596464945328,20.821246400384844,8
"(712, 120)",23.77893664253068,21.97768204063223,8
"(714, 121)",23.477583598324884,21.90287508696258,8
"(716, 121)",23.57788759933854,21.689169168305668,8
"(473, 123)",25.1436751455308,24.98955502957204,8
"(88, 124)",22.594756464861945,20.44213257347674,8
"(255, 124)",22.248549898709655,21.6802967108391,8
"(364, 124)",22.614529481506253,21.269950777169235,8
"(367, 124)",22.19198452527766,20.70300548564336,8
"(535, 124)",23.201916017958887,21.010622905963153,8
"(448, 125)",24.068858206117163,21.772077677121636,8
"(239, 126)",24.735343226355802,24.4964403476912,8
"(259, 126)",20.924738772608954,19.2577992435043,8
"(448, 127)",23.900843205305073,21.866673552314495,8
"(457, 128)",24.439675977873385,23.682406350029034,8
"(404, 129)",22.34776670254781,20.376303811125858,8
"(406, 129)",22.13347477134159,20.01862252143077,8
"(178, 130)",22.463626897079372,20.15461521496794,8
"(499, 131)",22.977906401466086,21.308205900337057,8
"(656, 131)",23.37896012388142,21.63325293115973,8
"(532, 132)",23.12685385695297,21.51665237773716,8
"(132, 133)",22.8962703510048,20.92136001080398,8
"(134, 133)",22.898967918025342,20.92136001080398,8
"(495, 133)",22.956642103725812,21.187726393886727,8
"(499, 133)",23.09722203872225,21.308205900337057,8
"(521, 134)",27.08972165908883,23.761635717703008,8
"(673, 134)",23.828950651944744,21.8599337485919,8
"(493, 135)",24.174651367639356,21.62558042079862,8
"(495, 135)",23.037470275728424,21.187726393886727,8
"(520, 136)",25.837831417003464,22.984418208316583,8
"(673, 136)",23.979196804354565,21.461595062353545,8
"(522, 137)",24.514349756499513,22.244279106650744,8
"(562, 138)",23.43096772266484,21.133253377866836,8
"(702, 139)",23.401608587908022,21.287661241399086,8
"(425, 140)",25.599959254259367,22.71672899216074,8
"(563, 140)",23.4867967373536,21.211861273304585,8
"(427, 141)",25.345742044007615,23.480183765118035,8
"(425, 142)",24.85023497259055,22.879650357685748,8
"(677, 142)",25.613118233888123,23.300780149335644,8
"(761, 144)",23.373400385328445,22.640021164503757,8
"(267, 145)",25.870825602473417,21.069567161608312,8
"(269, 145)",23.522773150748797,20.925266851978513,8
"(438, 145)",24.426421457279012,22.187283124470305,8
"(472, 145)",21.076401247501366,19.367725578800147,8
"(475, 145)",20.827012136105793,19.225561629980376,8
"(763, 145)",24.894309957366282,22.197196090692167,8
"(267, 147)",23.672376005756142,21.133052328804787,8
"(144, 148)",22.637743713205033,20.550431400241756,8
"(406, 148)",22.016103078843223,20.090129697808678,8
"(617, 149)",24.824871640305496,22.468370729098517,8
"(386, 150)",21.816303704930633,19.922466719957328,8
"(409, 150)",22.089628012989344,20.318887240843246,8
"(568, 150)",27.023285077198615,22.46144769304626,8
"(615, 150)",26.861681312049804,22.804709969864,8
"(619, 150)",24.063790675379416,21.84683288965025,8
"(451, 151)",21.864808396234388,20.324972492532375,8
"(583, 151)",23.743200237055845,22.08325433694292,8
"(585, 151)",23.521534038911227,21.11062794211083,8
"(617, 151)",25.09617434534193,22.437814273266525,8
"(741, 151)",23.02776122069094,20.54578149242147,8
"(112, 152)",20.68462296085105,19.200673741688725,8
"(409, 152)",22.219344044831914,20.359001471134334,8
"(581, 152)",24.792680393669322,22.490505901170472,8
"(619, 152)",24.11535077268143,21.895329370909685,8
"(517, 153)",24.482871733350322,22.59334638385276,8
"(583, 153)",22.972540937590495,20.194587051715438,8
"(585, 153)",24.753142326660345,23.287144325654893,8
"(85, 154)",19.465548743049375,17.5323292730679,8
"(153, 154)",24.373510292041196,21.40214318618021,8
"(155, 154)",23.969895832499716,21.688247739668405,8
"(614, 154)",25.497563096322317,23.585910638536085,8
"(619, 154)",24.902516727152737,22.269245264578075,8
"(637, 154)",24.328060653492123,22.160381358661972,8
"(585, 155)",22.413802881903358,20.33622683384403,8
"(86, 156)",19.38863075543445,17.5323292730679,8
"(108, 156)",20.713094863819613,19.36649599217766,8
"(637, 156)",24.4852365261577,22.160381358661972,8
"(687, 158)",23.0252635962054,20.932870918831156,8
"(533, 159)",24.640204525447707,22.069465528877416,8
"(535, 159)",24.051632149699934,22.47070658016778,8
"(681, 159)",23.25847477804748,21.03241398281247,8
"(224, 162)",23.081549036609374,20.682573391817826,8
"(270, 162)",19.932632373404076,18.608129860522077,8
"(272, 162)",20.0205839892592,18.79463871125578,8
"(432, 163)",23.99351903527679,21.931481805962953,8
"(227, 164)",23.783462161175628,21.928284648966127,8
"(683, 165)",23.238105462806807,20.554837053231125,8
"(680, 166)",24.428918893479832,22.668611857494774,8
"(682, 167)",23.11641907230313,21.04929814826643,8
"(684, 167)",22.929708336198566,20.652331122615365,8
"(686, 167)",22.74725493170238,20.52717792341928,8
"(596, 168)",22.544590637211286,20.55015156268022,8
"(598, 168)",24.184923032647262,22.575820241390865,8
"(650, 168)",21.92365031168965,20.308880779925424,8
"(680, 168)",24.44592841629494,24.6176632023927,8
"(593, 169)",22.501740457659835,20.296709033820683,8
"(682, 169)",24.534510999004347,23.224126264378377,8
"(684, 169)",23.432936105639065,20.52717792341928,8
"(686, 169)",22.835933332652644,20.52717792341928,8
"(635, 171)",24.811024342474248,22.598417152532477,8
"(683, 171)",23.56096705935196,21.579066703828886,8
"(685, 171)",23.35980436882106,21.579066703828886,8
"(171, 172)",23.16331343938137,20.81517407772479,8
"(115, 173)",21.96415573484581,19.87576715885605,8
"(206, 173)",23.179156685432716,20.915686190224946,8
"(360, 173)",23.081547498071778,21.3297341993362,8
"(329, 174)",24.31222051476786,20.243854896165224,8
"(422, 174)",23.09226597430778,21.149758990004116,8
"(331, 175)",21.66983481265919,19.62440291695816,8
"(329, 176)",21.817193538176156,19.62440291695816,8
"(131, 177)",22.696526982169182,21.05970094873623,8
"(133, 177)",22.895739008115363,21.05970094873623,8
"(329, 178)",21.6514604117717,19.635421712794106,8
"(700, 178)",21.918537283628588,20.135601497873502,8
"(346, 179)",22.693415120260084,20.399728507876397,8
"(671, 179)",24.27468236683803,22.90642450358746,8
"(445, 185)",21.603469450000816,19.8511034854884,8
"(275, 188)",23.63571087526786,21.816841056025034,8
"(188, 189)",22.169875992165693,20.1018141850017,8
"(190, 189)",22.258121036329385,20.083053473241627,8
"(254, 189)",23.351242915992437,21.188898827373478,8
"(672, 189)",24.00949015499335,22.186850699614133,8
"(131, 190)",23.767405911749158,21.699723478129158,8
"(256, 190)",22.657590503787333,20.63088007946152,8
"(548, 190)",23.496238862203143,21.140710398861366,8
"(188, 191)",22.173238715024503,20.179174635470822,8
"(190, 191)",22.297679486930924,20.44980482180835,8
"(254, 191)",23.011499577215332,20.837154061756145,8
"(351, 192)",23.054956241833658,21.048399584533506,8
"(130, 194)",24.011590636423065,21.605876350710126,8
"(449, 194)",22.569908926401,20.67540601048045,8
"(670, 194)",25.95710461216447,22.66769434917793,8
"(517, 195)",22.850336866957818,20.538739619868835,8
"(686, 195)",26.46868368307758,24.053064787464614,8
"(402, 196)",23.99011376202639,21.99323296516848,8
"(670, 196)",23.710690020400044,21.329735847662896,8
"(685, 198)",24.775892680010536,22.45508740503773,8
"(153, 201)",23.569509214936872,21.1930198764722,8
"(255, 203)",23.369996108715085,20.901228475066553,8
"(171, 204)",24.30716552686448,22.17149727538054,8
"(235, 204)",23.47886464339428,21.121017479184836,8
"(255, 205)",23.16155393047822,20.72715350833745,8
"(739, 205)",22.932164671019876,20.933637197216463,8
"(177, 206)",23.139397005556823,20.801576143228395,8
"(466, 207)",19.558960038947156,17.89265760252271,8
"(178, 208)",23.138901658551255,21.159125227806662,8
"(384, 208)",24.133295213788593,21.696257769974807,8
"(662, 208)",22.82593819305803,21.290597407667377,8
"(224, 209)",24.212600357939017,21.827585123891687,8
"(770, 209)",25.3452317336806,21.6723548049958,8
"(571, 210)",21.835803274549654,19.74806375732608,8
"(661, 210)",22.477116292888006,20.294417452106742,8
"(663, 210)",22.38167221195144,20.35038274402958,8
"(746, 210)",22.798261607450982,20.622509067441356,8
"(67, 211)",22.660480593164444,20.217082155264315,8
"(224, 211)",24.448370876912406,22.13568896264212,8
"(67, 213)",22.47537327055273,19.99876146385551,8
"(275, 213)",22.5967495674535,20.616183326998602,8
"(382, 214)",24.810084714573726,22.019820407451085,8
"(384, 214)",23.725362712579383,22.019820407451085,8
"(386, 214)",23.05294576151865,21.45178289610802,8
"(310, 216)",22.701397343748084,20.49730311038097,8
"(312, 216)",22.678345598383963,20.689024453369775,8
"(376, 216)",25.774900319156494,23.73158717913953,8
"(382, 216)",24.897431310506967,24.756224862072955,8
"(384, 216)",25.389355374268,22.531294147333227,8
"(726, 216)",25.940552372971915,25.110925915058154,8
"(310, 218)",24.723953324617604,21.7934918805283,8
"(312, 218)",25.08749237041031,21.65983603399433,8
"(424, 219)",25.01696332556778,22.311405751138928,8
"(153, 220)",24.412697357230257,25.33089395020837,8
"(431, 221)",23.669594655608208,24.71904192152605,8
"(433, 221)",24.391990890558965,22.025991689689427,8
"(614, 221)",19.71491987671829,18.64755100401827,8
"(616, 221)",19.65572002098829,18.666285423418593,8
"(159, 222)",22.748432070038668,20.699379859224898,8
"(161, 222)",22.658684482123938,20.643299524635147,8
"(618, 222)",19.646391724275908,18.479411660179615,8
"(693, 222)",22.159514221341958,20.597783526530122,8
"(118, 223)",24.859098926508928,23.17928528661313,8
"(210, 223)",21.08935468772936,19.396242085487224,8
"(430, 223)",24.48471517767279,21.901908603792393,8
"(434, 223)",23.856882893176767,22.00398156425792,8
"(612, 223)",19.744329960750022,18.57975232628627,8
"(614, 223)",19.63029296227741,18.57417464879611,8
"(616, 223)",19.606869587367093,18.579768112622993,8
"(695, 223)",22.182665193474712,20.52012382653343,8
"(224, 224)",24.41881897947564,22.573830449600784,8
"(618, 224)",19.60215453100343,18.479411660179615,8
"(643, 224)",18.747526296699462,17.968199793503587,8
"(567, 225)",24.45177433367349,22.81545704377247,8
"(569, 225)",24.014733706854287,22.81545704377247,8
"(613, 225)",19.62667398988721,18.549785112640983,8
"(615, 225)",19.599314801649093,18.549785112640983,8
"(548, 226)",22.187259243301114,20.66121232435499,8
"(550, 226)",22.046440543855233,20.238164677468355,8
"(571, 226)",24.710299100848076,24.83871333459969,8
"(617, 226)",19.59453652753885,18.483231431204835,8
"(767, 226)",22.506164637393674,20.50203500816231,8
"(769, 226)",22.728958392944,20.50203500816231,8
"(613, 227)",19.629689783645667,18.532446306018734,8
"(615, 227)",19.611162143378714,18.532446306018734,8
"(619, 227)",19.625847357585712,18.50137290054304,8
"(545, 228)",22.792075614319778,23.666344987011435,8
"(547, 228)",22.207538037533233,20.41049901912045,8
"(549, 228)",21.97122091116517,20.41049901912045,8
"(551, 228)",21.99025825579119,20.795717979224328,8
"(584, 228)",24.911144366891513,23.07891607493856,8
"(617, 228)",19.624319030842663,18.50137290054304,8
"(471, 229)",25.621022599449127,21.696485768708392,8
"(193, 230)",24.011355323445386,21.71410393580171,8
"(295, 230)",22.777341800937997,20.533257205362673,8
"(297, 230)",22.741051937104743,20.614094258260565,8
"(547, 230)",22.098683146125907,20.821374689333744,8
"(478, 232)",23.75226117918708,22.52178489827051,8
"(551, 233)",21.582876304149657,19.71993641676653,8
"(236, 234)",22.46257836007168,20.56479282902813,8
"(101, 236)",23.233525136162598,21.5903981766469,8
"(746, 236)",22.45148486368334,20.12948721876235,8
"(667, 237)",24.62451090392559,22.385665798081206,8
"(577, 238)",24.185917805250888,21.671317772892067,8
"(681, 238)",22.418724875403186,20.013843889600913,8
"(403, 239)",22.736544822373396,20.39096380554114,8
"(667, 239)",24.01135771361991,22.12366858476704,8
"(576, 240)",24.358327307580034,21.671317772892067,8
"(681, 240)",22.998046116831354,20.328881780562327,8
"(746, 241)",22.236062443684503,20.060038679297065,8
"(431, 242)",24.377399370312368,23.35697725293452,8
"(604, 242)",22.908011885773725,20.674326868752182,8
"(627, 242)",24.695077157702663,21.966335613230854,8
"(428, 243)",22.932241807840335,20.550222577858136,8
"(342, 244)",21.413530350092422,19.8432621488446,8
"(518, 244)",23.76056618156852,21.828894490387633,8
"(603, 244)",23.14667652653599,20.98389071158735,8
"(525, 246)",23.39605432362398,21.087259424573993,8
"(769, 246)",23.876939578412454,22.479272687804375,8
"(771, 246)",23.759975553458858,21.92506290841056,8
"(527, 247)",23.9335690364981,21.697094198005665,8
"(461, 248)",22.847882913657855,20.673183135521604,8
"(769, 248)",23.80107457395213,22.41501180174091,8
"(771, 248)",23.745881119825533,21.829315618650647,8
"(250, 251)",24.30891443058563,21.79485719997951,8
"(190, 253)",22.658550498399954,21.818082619718815,8
"(420, 253)",22.854918555015296,21.185627669546207,8
"(729, 253)",24.06325944715475,21.803934756443333,8
"(731, 253)",24.045145020091717,21.803934756443333,8
"(528, 254)",21.86774991012456,21.189118462968672,8
"(189, 255)",22.647947293381485,21.734700943785143,8
"(526, 255)",21.47194922365656,19.669228545759445,8
"(530, 255)",21.783265865093355,20.03227820832481,8
"(598, 255)",25.950399346051277,23.207343997480642,8
"(508, 256)",25.994165894258693,25.244429758080322,8
"(528, 256)",21.531294006097305,20.03227820832481,8
"(676, 256)",23.621632688311585,21.196562740127227,8
"(117, 257)",23.456557786826465,21.324197723621232,8
"(525, 257)",21.476073993801542,19.658322666217963,8
"(123, 258)",22.981815135721227,21.38804506984186,8
"(294, 258)",25.203295331291912,23.02305024077412,8
"(680, 258)",22.46882725798006,20.331910819381278,8
"(752, 260)",24.68207326021026,23.788053842100098,8
"(611, 261)",22.945390869011312,20.932038596662103,8
"(613, 261)",23.12678365488125,21.509972869162745,8
"(752, 262)",25.204804493106707,22.189521411648613,8
"(264, 263)",23.036653000700923,20.01374844654371,8
"(293, 263)",25.007078721132764,22.5709385299146,8
"(611, 263)",23.09771469528232,20.941864078099194,8
"(163, 264)",22.92872266154331,20.00557693950703,8
"(266, 264)",22.231119563942755,20.264314368467375,8
"(264, 265)",23.48380062306319,20.264314368467375,8
"(145, 266)",22.351551110404195,20.208787065602323,8
"(162, 266)",22.261866025582606,20.00557693950703,8
"(164, 266)",22.10756644161767,20.00557693950703,8
"(339, 267)",22.117313112430885,20.360242397887767,8
"(404, 267)",23.348312090307083,21.26234040313561,8
"(552, 267)",22.352397496625777,20.105950577188416,8
"(162, 268)",21.92335350853046,20.07898049406638,8
"(164, 268)",22.093408964918304,20.07898049406638,8
"(161, 270)",22.170962466617773,20.04487337717152,8
"(163, 270)",22.217271188642577,20.110580523314177,8
"(495, 270)",22.715970296745645,21.08936045021556,8
"(105, 271)",27.76259763346296,22.737963383776673,8
"(294, 271)",22.718046964982463,20.65867328877316,8
"(336, 271)",21.681161397684747,19.82415604499794,8
"(691, 271)",25.61411569020114,21.850621905754892,8
"(693, 271)",26.442864197159317,22.152053000760347,8
"(160, 272)",25.27033392305288,20.650365886730533,8
"(162, 272)",22.190391296281504,20.650365886730533,8
"(695, 272)",24.204157270335152,21.95583377994849,8
"(697, 272)",24.0941992618797,22.488963109628834,8
"(336, 273)",21.861274217410653,19.82415604499794,8
"(576, 273)",23.480569323662912,21.150355505684068,8
"(235, 274)",22.780590066568493,20.560657329683245,8
"(691, 274)",23.474816607826043,22.041865508280694,8
"(693, 274)",23.437223746402857,22.041865508280694,8
"(695, 274)",23.775154960767075,22.488963109628834,8
"(212, 276)",22.932207477286944,20.704323057313765,8
"(598, 276)",22.867353070411554,20.679501250959298,8
"(418, 277)",23.57577750297522,20.94654298799923,8
"(469, 277)",22.477589887567426,20.294170176036396,8
"(471, 277)",22.222715371456495,20.294170176036396,8
"(473, 277)",22.360607538587125,20.16466636312503,8
"(596, 277)",22.886333293859828,20.50542219116833,8
"(561, 278)",22.77001644006888,20.565954996722752,8
"(594, 278)",24.54416347836414,22.304549020875676,8
"(314, 279)",22.572807796097898,19.753880457761618,8
"(316, 279)",21.87871643785556,19.741248796328485,8
"(339, 279)",22.01943964908415,19.778796884726404,8
"(471, 279)",22.546377236725874,20.294170176036396,8
"(473, 279)",22.359641032183013,20.16466636312503,8
"(313, 281)",23.547793504546583,20.006288311854505,8
"(315, 281)",22.035329924380996,19.68653039031547,8
"(417, 281)",24.00709421972404,21.453686071022396,8
"(469, 281)",23.92198048932938,21.495693529373398,8
"(471, 281)",23.88081989910983,20.652556418508183,8
"(473, 281)",22.7611224281789,20.825305718950496,8
"(719, 281)",23.06461010565019,21.22386400250754,8
"(737, 281)",22.455194783704904,21.606264475468492,8
"(419, 282)",23.642632199011643,21.02421445234839,8
"(315, 283)",22.287288529630423,20.006288311854505,8
"(469, 283)",22.58715473260822,20.38794159972531,8
"(471, 283)",24.410893745979962,22.35646953008427,8
"(473, 283)",24.824811830155305,22.60210468883446,8
"(736, 283)",22.05021067408608,19.69886568998526,8
"(388, 284)",21.247897860859943,20.293531724371583,8
"(419, 284)",24.337545840993904,20.651095983625183,8
"(469, 285)",22.567713912183066,21.923400138175317,8
"(471, 285)",23.404937714835206,21.923400138175317,8
"(715, 285)",23.38531050857962,21.008907917178796,8
"(717, 285)",23.206753949000813,21.19606637003683,8
"(164, 286)",22.836372325913416,20.751771742400322,8
"(166, 286)",22.85342801744215,20.751771742400322,8
"(461, 286)",25.143053396096327,22.180570709311958,8
"(151, 287)",20.778438661030947,19.18546423317742,8
"(465, 287)",23.43540976355085,20.941995078673862,8
"(645, 287)",21.84323689075643,19.709533091456073,8
"(418, 288)",22.958769264950675,20.535775045712093,8
"(670, 289)",22.539629735100526,20.55118767419031,8
"(391, 290)",20.985049681275527,18.967224463529327,8
"(430, 291)",24.154636504542076,21.944093645681477,8
"(669, 291)",22.121197167970678,20.464461036088537,8
"(671, 291)",22.162186992260928,20.2083759058377,8
"(273, 292)",25.209642102425597,21.085269917896085,8
"(275, 293)",22.896686562525893,20.924974332752377,8
"(733, 300)",25.623277333493498,24.33096079935615,8
"(667, 301)",23.414588995720614,20.91947931475928,8
"(669, 301)",22.13903497985966,20.64316823971562,8
"(344, 302)",23.504356306862242,20.01871630472408,8
"(666, 303)",22.203620066967844,20.568002151765832,8
"(668, 303)",22.155334463089346,20.473935515437233,8
"(670, 303)",22.086441351117664,20.362704183094635,8
"(462, 304)",25.685231606778913,23.16684362295819,8
"(725, 304)",24.828245301896963,22.9444686638575,8
"(644, 305)",24.233885788917966,21.75057748712336,8
"(462, 306)",23.418409431458734,23.16684362295819,8
"(530, 308)",21.352538967534336,20.36498226803004,8
"(483, 309)",26.738823028120486,23.771355990336787,8
"(215, 310)",22.462302402235288,20.331646852574004,8
"(217, 310)",22.36276730806135,20.31970668354888,8
"(67, 311)",24.34652175069128,22.192939479730136,8
"(67, 313)",24.1271770757796,22.444841311788423,8
"(290, 313)",19.644512931432615,18.4244217667122,8
"(415, 313)",23.206228583802258,20.686187853267903,8
"(330, 314)",19.99505234130202,18.48779839614283,8
"(416, 315)",22.903445450147196,20.646821417547905,8
"(517, 317)",22.710180306044975,20.82508876463514,8
"(716, 317)",26.955648646235467,22.379874920967957,8
"(690, 319)",22.571744195369305,20.18186683368269,8
"(252, 320)",22.585461926229804,20.485251287289437,8
"(202, 321)",22.191284256418662,20.129806852316044,8
"(578, 321)",19.604304583932972,17.958614520832562,8
"(690, 321)",22.676233055228572,20.70449510595767,8
"(150, 323)",23.34653107518953,21.448752647167616,8
"(223, 323)",21.93259455787463,19.948563656498237,8
"(577, 323)",19.61903044350624,17.901131706368005,8
"(579, 323)",19.490836351709135,17.8166340721638,8
"(690, 323)",22.588444385650632,20.620249446335443,8
"(732, 323)",23.44797187694615,22.084861964803487,8
"(494, 324)",25.06442117648841,22.115571506092905,8
"(488, 325)",22.384619908659673,19.998397667705547,8
"(501, 325)",25.719104827231476,21.57167522928151,8
"(577, 325)",19.610789009759607,17.90173130355138,8
"(689, 325)",22.937862731229927,20.564390392498886,8
"(691, 325)",22.461794568688724,20.321968244961454,8
"(490, 326)",21.706563968243017,19.556115992579826,8
"(313, 327)",23.564728540278125,22.709317526794997,8
"(516, 327)",25.20390316360058,22.299728463067297,8
"(311, 329)",23.350934969471915,21.406508570131855,8
"(388, 329)",24.281267052088943,21.826488094461553,8
"(390, 329)",23.747642726979194,20.85336812564556,8
"(173, 330)",20.83345069243829,19.611182981803488,8
"(175, 330)",20.89923550698851,19.611182981803488,8
"(320, 330)",24.698364154555513,22.23866504494415,8
"(312, 331)",26.731257892206116,22.537514716407316,8
"(447, 331)",23.131179990913566,21.567828348218185,8
"(174, 332)",20.843055876718104,19.412553917981967,8
"(446, 333)",23.932754828481656,21.64030503967205,8
"(448, 333)",23.482169704165237,21.981879165981283,8
"(706, 333)",23.602405333990184,20.943232323023466,8
"(297, 335)",22.73202382991513,20.283259968054026,8
"(705, 335)",24.13683789370217,21.20870906834837,8
"(273, 336)",23.956600304726038,22.040483068828884,8
"(686, 338)",20.23842350783078,18.85216011602651,8
"(227, 339)",25.95489710698451,23.17813027367194,8
"(506, 339)",18.20141087474871,17.269607340194405,8
"(476, 340)",18.85467729911131,17.430068472321224,8
"(591, 340)",23.089944808707095,21.387285659850505,8
"(478, 341)",18.946508196961034,17.530085315679976,8
"(506, 341)",18.202003925313534,17.32073342025236,8
"(272, 342)",21.91416664958801,19.797133413080154,8
"(417, 342)",22.58362744951811,20.076329042328915,8
"(476, 342)",18.87135370581482,17.41520801192317,8
"(179, 343)",23.251951864019354,21.630158212999824,8
"(243, 343)",21.937896438162767,19.840288960354236,8
"(299, 343)",24.69227151953627,23.17236996880169,8
"(301, 343)",26.637074619640586,22.693136178427032,8
"(505, 343)",18.205690108733812,17.34589744706372,8
"(177, 344)",23.49923869078367,21.6995280779269,8
"(303, 344)",24.61340550123142,22.695757994592398,8
"(258, 345)",23.837214258020218,21.51264383077885,8
"(300, 345)",24.55565019238272,22.258042029725047,8
"(302, 346)",24.8497748003374,22.503964993641212,8
"(179, 347)",22.548541621719842,21.80181161015617,8
"(376, 347)",22.33853813232699,20.131731720778284,8
"(744, 347)",23.685824627502903,22.031631267197163,8
"(746, 347)",24.05144505213449,22.031631267197163,8
"(192, 349)",23.683041800594637,21.410506641006627,8
"(745, 349)",24.058761730205838,21.579098386231934,8
"(190, 350)",25.118836304151507,22.966064863659135,8
"(396, 350)",24.634683813819564,21.781458824456962,8
"(618, 350)",23.7376224739294,20.907712523743236,8
"(620, 350)",22.526241425887868,20.578743711148384,8
"(624, 350)",22.349345692581437,20.35022350885594,8
"(632, 350)",25.59826782337874,24.454847218475145,8
"(621, 352)",22.33902088499633,20.30417980666973,8
"(623, 352)",22.348217583720732,20.45379788833744,8
"(625, 353)",22.842694506667563,20.959250085375345,8
"(92, 354)",21.995999293023587,21.9957390566357,8
"(94, 354)",22.14477453123169,21.92487436544865,8
"(447, 354)",23.081183568486836,21.404217576421054,8
"(449, 354)",23.182663214831955,21.578888779168004,8
"(545, 355)",19.680337834331375,18.817370419246515,8
"(599, 355)",24.581795611077936,24.521738697154454,8
"(91, 356)",22.065472824390817,21.9957390566357,8
"(93, 356)",22.582380221069606,21.92487436544865,8
"(356, 356)",22.173115857232766,21.180581030002536,8
"(369, 357)",25.342569502873907,23.253621206034744,8
"(90, 358)",21.786690800813332,20.699333644349714,8
"(92, 358)",21.978953509579704,23.577907362910913,8
"(94, 358)",22.464291955273417,20.752128152283554,8
"(773, 358)",25.69578660343428,23.208254207820673,8
"(91, 360)",21.61448020215751,20.502827312435194,8
"(93, 360)",21.872531706465132,20.76289483499771,8
"(715, 360)",24.939885477195084,21.18921854755554,8
"(774, 360)",24.314146436187237,22.885262888214335,8
"(630, 364)",23.07410644795808,20.042831321813807,8
"(734, 364)",23.692635339791046,22.30228134296162,8
"(644, 366)",25.280134269353432,23.53990250753668,8
"(231, 367)",24.68890448888002,21.93971351359925,8
"(587, 369)",25.323128129921244,22.971789850975725,8
"(591, 369)",25.571112326978373,22.320914784895997,8
"(700, 369)",23.150391821557854,20.765711980273906,8
"(531, 370)",23.019988195373806,21.140121482938667,8
"(574, 370)",23.590231171595192,21.39544715325797,8
"(629, 370)",22.77524063329131,20.222766250703522,8
"(631, 370)",22.70482415638299,20.222766250703522,8
"(692, 370)",22.222635820768332,20.02953423693318,8
"(78, 371)",22.589373537024358,20.50392770370606,8
"(231, 371)",24.00535547716366,21.42338375118546,8
"(368, 371)",22.526207311643923,20.433585492990638,8
"(370, 371)",22.676119678169805,20.601024217905916,8
"(403, 371)",22.07751396970304,20.19428777670081,8
"(533, 371)",23.052831496602387,21.112724659880868,8
"(389, 372)",22.139330014318958,19.86996500296319,8
"(531, 372)",23.064727572358876,21.0156012488167,8
"(630, 372)",23.03936823621168,20.76017844831984,8
"(587, 373)",27.051451164683797,24.10410145759223,8
"(387, 374)",22.513341964946747,20.545243773283545,8
"(389, 374)",23.530110213755997,21.110828202118817,8
"(95, 375)",24.284389700709838,23.47363074898646,8
"(587, 375)",25.263448751740405,22.153679644290406,8
"(646, 375)",25.046723368770465,22.28700503816212,8
"(738, 375)",22.615165890815163,20.49561746003888,8
"(93, 376)",24.59717756721203,22.12836884050099,8
"(733, 376)",22.203401726010448,20.272884276182367,8
"(95, 377)",24.337713394562286,24.30122618588519,8
"(733, 378)",22.151452014892243,20.168887892491085,8
"(462, 380)",24.1890680359187,22.051283465835432,8
"(500, 380)",23.096387468385053,19.617630359073452,8
"(585, 381)",24.780044792561995,22.555937854597857,8
"(370, 383)",22.0498814398238,20.124073813591643,8
"(599, 384)",23.295334193708165,21.100860929268265,8
"(601, 384)",25.090345797000545,21.100860929268265,8
"(635, 384)",23.157002185263643,21.222708279887577,8
"(613, 385)",19.456968766264765,17.844237066019396,8
"(214, 386)",21.110492036328665,19.350503781203827,8
"(234, 386)",21.216398994799356,19.866018121023416,8
"(599, 386)",22.750463981148535,20.617378665609962,8
"(611, 386)",19.386654349728545,17.90832227892092,8
"(634, 386)",23.157160677613923,21.38979342055562,8
"(284, 387)",22.83808886110416,20.449594182981507,8
"(286, 387)",22.748473994072306,21.015129464728865,8
"(613, 387)",19.308064614686373,17.844237066019396,8
"(329, 388)",23.283775741753203,20.982434403400454,8
"(609, 388)",19.329964536240944,17.72650131569071,8
"(611, 388)",19.27732932676053,17.753061925654364,8
"(284, 389)",23.790791567011738,21.433780868422737,8
"(286, 389)",22.954567289739657,21.015129464728865,8
"(328, 390)",23.063426742203802,24.017835784635444,8
"(330, 390)",23.078769330818247,20.787422443685806,8
"(609, 390)",19.30350904493558,17.735382464372982,8
"(284, 391)",22.452535960010728,20.406658566953745,8
"(608, 392)",19.446600692700954,17.826618000412992,8
"(610, 392)",19.322706411812185,17.785440914083217,8
"(689, 393)",23.66526028276727,21.347361201280442,8
"(127, 394)",23.07163725897002,20.645002506430316,8
"(572, 394)",22.124577185329393,20.009399865873185,8
"(609, 394)",19.534131154335697,17.864589819265753,8
"(687, 394)",25.893603501305677,21.582718030551575,8
"(395, 395)",21.22943839789157,19.198631944077952,8
"(399, 395)",23.055217270457135,20.412289747853336,8
"(574, 395)",22.339742028224272,20.337006391251563,8
"(641, 395)",22.68251177796752,21.914359541750464,8
"(397, 396)",21.217435823919644,20.56299345039622,8
"(571, 396)",22.34504195087503,20.071338497623145,8
"(394, 397)",21.154404646915033,19.0503547334582,8
"(399, 397)",22.030720680193447,20.56299345039622,8
"(633, 397)",24.273984743658644,21.543005561985858,8
"(390, 398)",22.629338824585993,20.560483853344735,8
"(396, 398)",21.07899724951202,19.0503547334582,8
"(399, 399)",21.65097562524256,19.871119448647185,8
"(195, 401)",25.286928797258177,22.232513662850174,8
"(499, 401)",23.688780483255513,21.674603369184865,8
"(646, 401)",23.004359978893568,20.890473035094494,8
"(633, 402)",23.002347729485763,20.998972594698557,8
"(749, 402)",22.230784444599323,20.11480515144971,8
"(747, 403)",22.5968192918004,20.34931882504842,8
"(129, 404)",22.967041873668308,19.961305038268456,8
"(633, 404)",23.456680246677855,20.998972594698557,8
"(749, 404)",22.744753911155236,20.373255465108002,8
"(149, 405)",22.573704994695014,20.449803690639627,8
"(728, 405)",20.458521458183647,18.885196533975837,8
"(94, 410)",22.626583982056687,20.44153069927524,8
"(96, 410)",22.74060602682951,20.310703996160015,8
"(152, 410)",23.041967394604647,20.383487689754133,8
"(493, 410)",24.680079453783314,23.012458165807168,8
"(525, 411)",22.950673226468005,20.47237279375046,8
"(527, 411)",22.58654183786234,20.410043278724167,8
"(751, 411)",21.80313528205682,19.83824385933962,8
"(94, 412)",22.559107543383128,20.427282307554684,8
"(513, 412)",23.471619584015848,22.001192466577415,8
"(645, 412)",22.53749749810178,20.431704099333594,8
"(525, 413)",23.101150339945207,20.555073359213793,8
"(658, 413)",23.680092451949903,21.3725632006989,8
"(480, 414)",25.549501004586645,22.787692132385864,8
"(642, 414)",22.502207777238496,20.1685139423342,8
"(644, 414)",22.335184235371734,20.218334606286824,8
"(646, 414)",22.34429471050121,20.3988133587929,8
"(252, 416)",22.33196631523638,20.061168923689046,8
"(340, 416)",21.855028298576187,20.801802524672468,8
"(386, 416)",23.71748399082611,20.97085613866149,8
"(480, 416)",24.060891221021087,21.76633870168928,8
"(643, 416)",22.31245415162035,20.258916556417894,8
"(645, 416)",22.242515907863826,20.258916556417894,8
"(647, 416)",22.430567448198346,20.322434620641943,8
"(388, 417)",23.225636146651176,20.97085613866149,8
"(525, 417)",25.267886201758806,20.472053710574507,8
"(684, 417)",22.349748766526282,20.51467299652994,8
"(686, 417)",22.503077182944914,20.832572810524333,8
"(445, 418)",21.54216516473209,19.967163810206046,8
"(683, 419)",22.889275664814747,20.92678672561742,8
"(685, 419)",22.62418228288478,20.832572810524333,8
"(283, 420)",19.47603320561049,17.8280398558093,8
"(179, 421)",23.573195013040852,21.330247229566012,8
"(383, 421)",23.817224474311978,21.781044137453954,8
"(393, 421)",23.448422237496096,21.551017723055097,8
"(423, 421)",22.35109038015532,20.022617943588507,8
"(425, 421)",22.327577480104317,20.191538471553358,8
"(514, 422)",24.201017393480576,20.89138787408171,8
"(516, 422)",23.45216244329076,21.248481908859596,8
"(391, 423)",23.724595180771217,21.83969044587353,8
"(423, 423)",23.01957389228462,20.414355514227545,8
"(698, 426)",19.446508465282648,17.80212484427826,8
"(139, 428)",23.436116349776846,20.791878039652545,8
"(308, 428)",22.653586902925866,20.49417452399232,8
"(115, 429)",21.282192111793144,19.566999117404038,8
"(310, 429)",22.879822756499486,21.386106610395387,8
"(243, 430)",22.31434903976104,20.044696362996355,8
"(312, 430)",23.89218381808586,22.39252911704225,8
"(681, 430)",23.99370940763675,20.908265194015584,8
"(117, 431)",21.494205772797912,19.73694374659771,8
"(243, 432)",22.11757364602638,19.96762817945058,8
"(681, 432)",24.093697537259267,20.908265194015584,8
"(259, 433)",23.430505700569462,21.55002266176794,8
"(404, 433)",25.496811410001243,21.570069454434588,8
"(683, 433)",22.99969240490536,21.043431315550613,8
"(640, 435)",24.80828494364227,21.417867095661627,8
"(682, 435)",25.51745088991833,23.66502161267791,8
"(292, 438)",20.87965674455893,19.09288362216845,8
"(656, 438)",24.355265135060527,21.49752627963821,8
"(658, 438)",23.634105887824816,21.190071677671042,8
"(660, 438)",23.56836649501718,21.47467256825791,8
"(717, 438)",23.767375285865505,22.08323558865012,8
"(662, 439)",23.858932955895817,21.331028953966737,8
"(656, 440)",23.942011090382515,21.190071677671042,8
"(658, 440)",23.571771234612896,21.190071677671042,8
"(660, 440)",23.527318728640928,21.47467256825791,8
"(304, 441)",24.51612351053381,22.357674204442432,8
"(589, 441)",19.443817827302,18.330021748911605,8
"(662, 441)",23.716160497264624,21.871042899566,8
"(655, 442)",24.115161406408824,21.29787890379101,8
"(657, 442)",23.776556701350053,21.29787890379101,8
"(659, 442)",23.609934343302434,21.22189402622068,8
"(304, 443)",24.12649073382819,21.879384019870734,8
"(394, 446)",19.787507714884732,17.48868033804183,8
"(223, 447)",23.489853176785154,21.10570875168124,8
"(335, 447)",22.244832455101502,20.008911738403974,8
"(468, 450)",22.928211607347073,20.814221520773934,8
"(636, 450)",22.993082907834115,22.005328593185176,8
"(642, 451)",22.42511684752653,20.17286144923417,8
"(719, 451)",24.44652576620016,21.883338970732858,8
"(636, 452)",22.85852585920373,22.005328593185176,8
"(664, 452)",22.246266826381223,20.078511314126324,8
"(666, 452)",22.25873351404652,20.048914470340215,8
"(356, 453)",22.34513517703337,20.51644317282821,8
"(358, 453)",23.172233907957484,20.51644317282821,8
"(517, 453)",19.574646916685502,17.554160407019275,8
"(618, 453)",22.877434975469328,21.338700081235515,8
"(638, 453)",23.47954684559786,20.463699800551886,8
"(640, 453)",22.372369579012577,20.463699800551886,8
"(642, 453)",22.02506816373556,19.79590356336339,8
"(635, 454)",22.63732550139224,20.68840319342275,8
"(644, 454)",22.19926491673774,20.027225785005918,8
"(665, 454)",22.105723193155946,19.939187324097425,8
"(667, 454)",22.22783516182153,20.096634630212577,8
"(496, 455)",21.073495431359376,19.524066697692554,8
"(517, 455)",19.57465637439382,17.554160407019275,8
"(555, 455)",23.696046044590226,21.850502338562954,8
"(637, 455)",22.561173575853843,21.13897563655616,8
"(641, 455)",22.042079863686247,19.838860796859386,8
"(210, 456)",21.133011917253576,19.90156104918561,8
"(635, 456)",22.8508629204755,20.607911398246728,8
"(643, 456)",22.217946929658893,19.838860796859386,8
"(554, 457)",23.805486266760276,22.57023956483321,8
"(370, 458)",19.66787420718031,18.512855898864565,8
"(274, 459)",23.145093287230985,20.746823581953414,8
"(554, 459)",25.615040868435806,22.57023956483321,8
"(435, 462)",23.14039252928341,20.931995871309503,8
"(466, 464)",21.09123125083122,19.92882087247957,8
"(468, 464)",21.204974957553553,20.364971426963926,8
"(485, 464)",23.073679275422954,20.82340508064855,8
"(487, 465)",23.761594073793226,21.85339929618211,8
"(623, 465)",22.759068185867598,21.586936973773717,8
"(465, 466)",20.957897145386703,19.503048630218295,8
"(467, 466)",21.1685327621824,20.222539942668682,8
"(469, 466)",21.315351478099167,19.657881323490578,8
"(447, 467)",22.436181750392443,20.629658418469774,8
"(623, 467)",22.10017699881007,19.890052685214606,8
"(417, 468)",22.28370630458152,20.185696509944435,8
"(715, 468)",22.905542745798535,20.16066674823933,8
"(736, 468)",22.713315689530965,20.668958085742027,8
"(419, 469)",22.661490210550525,20.49953140138644,8
"(282, 470)",17.734428665266513,17.508923315342948,8
"(761, 470)",22.762427226375124,20.50116698965568,8
"(284, 471)",17.714082673698996,17.80121932188336,8
"(329, 471)",22.604061795213717,20.579116775851254,8
"(282, 472)",17.728765378628637,17.84269719221296,8
"(144, 473)",22.606070040730657,20.57590236883666,8
"(548, 473)",24.349377616694795,23.23757216739473,8
"(447, 474)",22.407846888770983,20.443604157606806,8
"(449, 474)",22.333282854221146,20.24960507024842,8
"(451, 474)",22.598349425336146,20.515503689921964,8
"(650, 474)",18.062748109196733,17.755182552283415,8
"(142, 475)",22.004219818425796,19.789295051656552,8
"(208, 475)",21.182477399731283,19.322957904620814,8
"(548, 475)",25.01049260495612,23.23757216739473,8
"(550, 475)",24.896157989138622,21.739449257701565,8
"(552, 475)",24.221011853919215,21.94031630642459,8
"(652, 475)",18.042598815913315,17.734542444953817,8
"(144, 476)",22.117857428212893,19.86617125213646,8
"(341, 476)",19.59141230110003,18.022803856717985,8
"(343, 476)",19.523985146586,17.998957992166787,8
"(593, 476)",22.40034252027911,20.819114310885524,8
"(595, 476)",22.368999717967014,20.537114707432806,8
"(597, 476)",22.359090186730775,20.47247402794794,8
"(650, 476)",18.04883512333563,17.729531085744163,8
"(736, 476)",22.723816575112288,20.614081378946373,8
"(140, 477)",22.109639021892306,19.793439544271585,8
"(142, 477)",22.031013841487166,19.81760728415042,8
"(492, 477)",22.180408709022736,20.10514825622348,8
"(551, 477)",25.023653334315547,21.94031630642459,8
"(144, 478)",22.33788716078108,20.604360908326846,8
"(341, 478)",19.537200422507567,18.004111066134293,8
"(413, 478)",20.6235984657022,19.231065636079478,8
"(479, 478)",21.920192921864015,19.880154438116435,8
"(592, 478)",22.37272472852638,20.522365039900812,8
"(594, 478)",22.366534158451778,20.522365039900812,8
"(596, 478)",22.388651303736957,20.700251774767928,8
"(611, 478)",22.684328937627704,20.904119237008594,8
"(339, 479)",19.58994869593655,18.058278487443324,8
"(598, 479)",22.63828248088594,20.829504725944638,8
"(607, 479)",22.221350519828817,20.162806142382387,8
"(143, 480)",22.75624623057118,21.613687127151792,8
"(170, 480)",22.67235152350262,20.56608820824485,8
"(210, 480)",24.46551120855454,21.25568456135712,8
"(480, 480)",21.9972771156585,19.729861953317993,8
"(594, 480)",22.671174638014605,20.93664439397979,8
"(596, 480)",22.72986325526478,21.600436194041784,8
"(716, 480)",21.95355383119518,20.489906823384118,8
"(172, 481)",22.730468200675595,20.56608820824485,8
"(567, 482)",24.57216452565418,22.16130731123871,8
"(519, 483)",22.822453029460668,19.851485626155274,8
"(326, 485)",23.63160444485907,20.95412594533483,8
"(581, 487)",21.004774996700917,19.416283073917775,8
"(523, 490)",21.24982857542541,18.918916158709926,8
"(525, 490)",21.091593334029923,18.87006688007707,8
"(590, 490)",21.045801812705555,19.45648428377818,8
"(477, 491)",22.18823491856528,19.950206610408756,8
"(580, 491)",20.84509647878476,19.1341324304571,8
"(582, 492)",20.897508739940832,19.148596331954366,8
"(527, 493)",21.68347038002033,19.353097091253794,8
"(546, 493)",19.929716704191698,18.573489743387753,8
"(580, 493)",20.902108483930697,19.15135551977483,8
"(611, 493)",21.54762523396296,19.73634173043289,8
"(613, 493)",21.341616333380493,19.70042485866709,8
"(268, 494)",22.187747335415587,20.763231138149784,8
"(521, 494)",22.224365466256266,19.776808131332075,8
"(525, 494)",21.288178624335785,19.353097091253794,8
"(548, 494)",19.922555106057658,18.621075133931868,8
"(583, 494)",21.13905899634112,19.148596331954366,8
"(459, 495)",23.502954131487705,20.72693763499352,8
"(611, 495)",21.25247288689628,19.78119214358619,8
"(613, 495)",21.184782499958423,19.44803302114159,8
"(454, 496)",23.883006166719532,21.025076757098972,8
"(524, 496)",22.137925861153754,19.624987346808588,8
"(526, 497)",22.329394078236888,20.156424346203274,8
"(663, 497)",19.17725169377386,17.32639962130689,8
"(665, 498)",19.605969702925186,17.379924665411856,8
"(159, 499)",22.06819271007175,19.674846891272274,8
"(509, 499)",23.164197918746886,21.039202196932607,8
"(335, 500)",22.428511822459647,20.05912214502306,8
"(158, 501)",22.227202387771875,19.873882186186385,8
"(509, 501)",22.76988479930138,20.45153598245144,8
"(565, 501)",23.386557867580798,21.049828525410973,8
"(567, 501)",23.631400348279215,21.17264105864144,8
"(160, 502)",21.894868239547442,19.622842027563387,8
"(335, 502)",22.15314149968456,20.000588584309597,8
"(339, 502)",22.004370940323057,19.790635861777197,8
"(158, 503)",22.09469902665949,19.69728253212952,8
"(160, 504)",21.87983118052908,19.577317369415063,8
"(339, 504)",22.747441781610085,21.108544917397644,8
"(337, 505)",22.99444606915278,21.032690964944273,8
"(341, 505)",24.279674312077674,21.08663022487778,8
"(339, 506)",22.917967758443595,20.94354723915729,8
"(535, 506)",24.157556762979304,21.148237882701437,8
"(341, 507)",22.891605586274103,20.973926474138125,8
"(338, 508)",23.07178840143098,20.893000624840518,8
"(449, 508)",22.362463712830568,20.15298535303335,8
"(499, 508)",25.086083646626044,21.056625221771725,8
"(522, 508)",24.1088723536714,21.216722212019576,8
"(773, 508)",22.84726360313288,20.62792460499802,8
"(499, 510)",24.094311659974373,21.056625221771725,8
"(733, 510)",21.163613296268373,19.21926571099273,8
"(202, 513)",23.376794455406646,21.47881164356746,8
"(106, 515)",22.982249496106917,21.041934735226725,8
"(651, 515)",22.832107738342792,20.388533434966952,8
"(557, 516)",22.424778171489443,20.14781652492156,8
"(106, 517)",23.173436022965525,21.041934735226725,8
"(290, 519)",22.451630002141584,20.588335467322445,8
"(517, 519)",22.238978455101076,20.276373276152626,8
"(519, 519)",21.818301277875698,19.745223775719502,8
"(477, 520)",22.144100701429423,20.237617143250326,8
"(479, 520)",22.029908802541968,20.444468190311106,8
"(495, 520)",19.42628611983578,17.862579184481454,8
"(497, 520)",19.47788312283985,17.917469645925046,8
"(630, 520)",22.669037701698564,20.293635957818317,8
"(483, 521)",23.02019067145813,22.053144471591814,8
"(518, 521)",22.04186398618406,20.65123338467305,8
"(657, 521)",24.449559569506683,20.93708260326148,8
"(136, 522)",19.34506326526941,17.81026858064427,8
"(495, 522)",19.40097604926232,17.820844927010526,8
"(507, 522)",23.133316196509135,20.427005236923236,8
"(629, 522)",22.782831262219652,20.293635957818317,8
"(633, 522)",22.68957846400879,22.167751602098598,8
"(635, 522)",24.607594370807753,22.167751602098598,8
"(659, 522)",22.825280666458234,20.674098650067442,8
"(112, 523)",23.352106911707615,21.1450307324738,8
"(655, 523)",22.05828569765542,20.900208868884725,8
"(657, 523)",22.928343010545255,20.900208868884725,8
"(628, 524)",24.095560402311698,20.51260400913427,8
"(630, 524)",22.820317442262358,20.51260400913427,8
"(495, 525)",19.43728541940775,17.844773220759897,8
"(412, 526)",18.859759411356336,18.29353828171996,8
"(497, 526)",19.63015563930479,17.985585607132926,8
"(613, 526)",22.62489477291114,20.2963254827282,8
"(495, 527)",19.60679147961698,17.935641892134278,8
"(90, 528)",23.6486821366507,21.160467437285966,8
"(255, 528)",19.406493620932004,17.80134077116753,8
"(383, 528)",21.91185782760715,22.41190807926511,8
"(659, 528)",21.514583165739396,19.376935955326353,8
"(255, 530)",19.449744366389133,17.83300587311639,8
"(309, 530)",22.76137196242437,22.29581968431743,8
"(92, 531)",24.83219699201758,21.56312018338516,8
"(332, 531)",22.919977407690368,20.680310180313413,8
"(308, 532)",22.03044214690741,22.29581968431743,8
"(310, 532)",22.160009967111613,22.29581968431743,8
"(312, 532)",22.077979958482985,20.32616472151141,8
"(341, 532)",22.28195627967483,19.873854074392575,8
"(343, 532)",22.976116534784204,20.492835841539033,8
"(505, 533)",18.120045531550765,17.574074070437604,8
"(507, 534)",18.01626738539808,17.524701430811383,8
"(709, 535)",22.148133726021875,20.4607434215078,8
"(436, 536)",23.89519315202474,21.3361692469364,8
"(114, 537)",19.488996169300876,17.615081959893097,8
"(479, 537)",21.372338447866277,20.928882630760576,8
"(504, 539)",18.033198438943508,17.48893254700816,8
"(541, 539)",19.79677301052532,18.004446988122673,8
"(543, 539)",19.74639717614032,18.050319506095747,8
"(748, 539)",24.601003278581203,22.51458408869918,8
"(125, 540)",22.334459674480648,20.12696110271788,8
"(545, 540)",19.54399207425162,17.64762890876151,8
"(437, 541)",22.68564644471055,20.282083866357958,8
"(475, 541)",20.908573123246335,19.146422387754285,8
"(540, 541)",19.49512140798911,17.660960085052842,8
"(542, 541)",19.700107934401636,17.939443950502017,8
"(602, 541)",20.728763335383157,19.15318645471354,8
"(544, 542)",19.607701770594666,17.64762890876151,8
"(541, 543)",19.57772857441099,17.642220688382054,8
"(672, 543)",23.12179150724375,20.46503891878927,8
"(543, 544)",19.61197362821777,17.789269998786473,8
"(545, 544)",19.580623456469233,17.692444888886335,8
"(571, 544)",23.94513003664285,22.038420865468844,8
"(272, 545)",19.547758528363772,18.402830816649093,8
"(573, 545)",23.308581669142633,21.295705965075697,8
"(575, 545)",22.983666052846615,20.812494859517834,8
"(577, 545)",22.875885266992277,20.972517583969115,8
"(190, 546)",22.479055826315346,20.50732327733573,8
"(192, 546)",22.270324121436865,20.11893518187108,8
"(569, 546)",24.747778892418694,22.001776021781275,8
"(571, 546)",23.320883265354247,21.06288313140093,8
"(573, 547)",23.316483981632253,21.33994479091504,8
"(575, 547)",22.92050589565283,20.87932371754338,8
"(567, 548)",24.146236729504786,22.226966316016025,8
"(569, 548)",24.463391978163557,22.226966316016025,8
"(571, 548)",23.454993570182125,21.413541360626837,8
"(573, 549)",23.96040516954953,21.702165291638657,8
"(476, 550)",22.555411295801946,20.1042497264987,8
"(571, 550)",23.794917302169615,21.83216367459344,8
"(338, 551)",23.005179614627075,20.78589843425471,8
"(361, 551)",20.505945464759172,19.062957205292555,8
"(233, 552)",19.494012037322392,17.782370045955453,8
"(630, 555)",22.486177893978436,20.230459794588285,8
"(632, 555)",22.559102595124934,20.381931296951514,8
"(670, 555)",21.878086596512723,19.650281347348603,8
"(82, 556)",23.696465946101846,21.40928625366329,8
"(430, 556)",24.724034147836797,23.005965707968187,8
"(672, 556)",22.63488902356405,20.941958240393845,8
"(750, 556)",20.936251763313187,18.780157773000155,8
"(630, 557)",22.470143710499215,20.24101953458321,8
"(632, 557)",22.572218469678468,20.216358762428122,8
"(674, 557)",22.802743421511643,20.74342986835145,8
"(672, 558)",22.515241665613935,20.554015915930876,8
"(751, 558)",20.90934575494405,18.707045892858247,8
"(615, 560)",22.64578030009563,20.331392315864115,8
"(631, 560)",23.158878997523352,20.111945647998752,8
"(140, 561)",23.8308480258344,23.203600211406048,8
"(765, 562)",22.304153647620602,20.276251577625857,8
"(620, 563)",22.71280948048563,20.50039410097049,8
"(622, 563)",25.46973664203727,20.93837583322972,8
"(762, 563)",21.815119998348756,19.79628242480512,8
"(760, 564)",21.869919218885336,19.78856841683227,8
"(764, 564)",22.37873772043706,20.565775079316758,8
"(766, 564)",22.342726719980945,20.195422351616436,8
"(501, 565)",21.363151623077435,20.001136464235934,8
"(620, 565)",24.069678477985356,22.88004966776858,8
"(762, 565)",21.890889638935164,19.80275769001514,8
"(760, 566)",21.83902218782964,20.295638026909337,8
"(764, 566)",22.57993340966074,20.471034249588847,8
"(766, 566)",22.620413489185758,20.471034249588847,8
"(114, 567)",22.976326171110685,21.648461306648414,8
"(152, 567)",22.56966975977761,20.40896442874176,8
"(501, 567)",20.916470472085884,20.599171435254462,8
"(762, 567)",22.428750904003685,20.295638026909337,8
"(760, 568)",22.230752915845407,20.153213516249224,8
"(764, 568)",23.08881007871551,20.509445868075318,8
"(766, 568)",22.70190472933529,20.509445868075318,8
"(762, 569)",22.459614146000945,20.768877116414295,8
"(106, 570)",26.295169427420994,21.880023805592465,8
"(209, 570)",24.051982390552197,22.241620292505885,8
"(394, 570)",22.77739834154552,20.60166738851185,8
"(393, 572)",22.80737942357137,20.953389563072328,8
"(547, 572)",17.93691461387011,16.90073031943286,8
"(644, 573)",18.814213830415113,18.079651896784462,8
"(673, 573)",24.383727393693952,23.585079181463932,8
"(675, 574)",24.707003430521944,22.627573239826788,8
"(589, 576)",18.059960929651254,17.723461846881733,8
"(491, 581)",22.62910253113555,20.480760690634057,8
"(746, 581)",19.42456601636932,18.26799158561486,8
"(153, 582)",19.920350597599146,18.939666193137832,8
"(488, 583)",22.72568862662917,20.415323331784215,8
"(153, 584)",20.145579652123935,19.172172966871635,8
"(773, 585)",23.153778845324005,20.97060770832954,8
"(421, 586)",22.849216828881588,21.502726108809703,8
"(420, 588)",23.693290493533347,21.42447455352155,8
"(637, 591)",23.438788598970426,20.957867726908383,8
"(435, 592)",21.514922928717063,19.275796530769597,8
"(281, 594)",19.299899357887575,18.088111490024247,8
"(478, 594)",19.482314779950713,17.741642519088643,8
"(565, 594)",24.05051650522772,21.21206322332963,8
"(575, 594)",22.55324899814719,20.532482576098005,8
"(449, 595)",23.32948604765562,21.483421390238142,8
"(480, 595)",19.433066181635787,17.685233263169096,8
"(451, 596)",23.971872972167326,21.179455409872695,8
"(477, 596)",19.461121128556222,17.67840915838299,8
"(479, 597)",19.426168050689782,17.639469002155423,8
"(554, 598)",21.78176797214917,19.824348656693907,8
"(556, 599)",21.47897106204895,19.824348656693907,8
"(616, 599)",24.451380844940182,24.565249872140818,8
"(542, 600)",23.731614486319614,21.439343570881732,8
"(540, 602)",23.26989556729592,21.458878577471296,8
"(566, 603)",23.003378296152803,21.09025350243372,8
"(635, 603)",22.24771180533518,19.72427626040782,8
"(637, 604)",23.516398671261406,21.98498313298454,8
"(627, 607)",22.320275996199378,20.33739814009322,8
"(629, 607)",22.78481181985849,21.76910934266779,8
"(627, 609)",24.153336519809663,20.75324626341788,8
"(636, 609)",22.921005411729638,21.345990436332904,8
"(260, 610)",23.45240156599504,21.82020530481507,8
"(223, 612)",19.603872623056574,17.800909618406514,8
"(494, 612)",22.465313671782106,20.665577383660512,8
"(496, 612)",23.201188974565007,20.613900947950405,8
"(225, 613)",19.45540558683725,17.587963685830715,8
"(222, 614)",19.531941446667183,17.800909618406514,8
"(227, 614)",19.520802838191194,17.838218351832623,8
"(492, 614)",22.55038300748153,20.22729114799555,8
"(494, 614)",22.72334454194204,20.297237946540683,8
"(224, 615)",19.520847241193934,17.80722917523562,8
"(221, 616)",19.474584382066872,17.74841766431394,8
"(226, 616)",19.521639424455337,17.838218351832623,8
"(228, 616)",19.581742341999288,17.838218351832623,8
"(329, 616)",23.457842519645617,21.549296104769766,8
"(223, 617)",19.44697387329736,17.6671944651956,8
"(225, 618)",19.425909386841127,17.74237633331535,8
"(227, 618)",19.512839030850515,17.74237633331535,8
"(635, 618)",21.80794192457936,20.05304230901423,8
"(665, 618)",17.588371201853285,17.39000269038518,8
"(151, 619)",19.55732232241818,17.90404218947021,8
"(223, 619)",19.488870495290733,17.613060418469075,8
"(321, 619)",27.31594390691484,22.251029700428496,8
"(283, 620)",24.830211670923582,22.561803471418706,8
"(562, 620)",21.408374896994275,19.397750343883637,8
"(564, 620)",21.856356840751054,19.416120821591463,8
"(319, 621)",24.900933043662263,21.701793026810627,8
"(692, 622)",23.635221798621664,21.574275539931115,8
"(466, 623)",22.544810318682288,20.87645744573536,8
"(467, 625)",23.13370186068405,20.712364741950772,8
"(60, 627)",22.210231998325703,20.182344821156512,8
"(62, 627)",22.30424954458777,20.250795626675128,8
"(363, 628)",18.86178667829585,17.54742795867589,8
"(366, 628)",18.7528011316206,17.43080568943892,8
"(370, 628)",18.75149714823548,17.410703803807166,8
"(606, 628)",22.691917692257903,20.904864738104912,8
"(60, 629)",22.172898589431718,20.486031648530066,8
"(62, 629)",22.272851413544323,20.747419684840118,8
"(112, 629)",22.390004473093228,20.550041522993887,8
"(372, 629)",18.824348479532524,17.473155019233964,8
"(370, 630)",18.77585530361845,17.40729753417191,8
"(526, 630)",19.905567943712306,18.85966000858341,8
"(607, 630)",21.915559911567364,19.652556017091904,8
"(556, 632)",21.890185038489285,22.34782051687992,8
"(680, 633)",21.36667595963953,19.15386450282336,8
"(488, 634)",21.734851019350344,19.632614488680105,8
"(555, 634)",21.885539715700624,19.895528681636407,8
"(557, 634)",21.895029522496863,19.793682169037822,8
"(677, 635)",20.26004601365461,18.725561309686853,8
"(679, 635)",20.277727702545747,18.725561309686853,8
"(681, 635)",21.178308218857993,19.15350178894881,8
"(454, 636)",19.198575553097577,18.17253943622113,8
"(753, 636)",23.97974290916074,21.055354980671837,8
"(602, 637)",22.344785030446623,20.462732447438142,8
"(604, 637)",22.294256008400694,20.711543981765907,8
"(742, 637)",24.831097523257164,21.93701940706503,8
"(744, 637)",23.757387724701957,21.71449539383226,8
"(748, 637)",26.481159562787113,23.582762904380452,8
"(451, 638)",19.159352792409514,17.9817879735473,8
"(588, 638)",21.959741979763336,19.881129682418347,8
"(746, 638)",23.843568337095228,22.857242245779624,8
"(453, 639)",19.08736191811711,17.970237099478467,8
"(602, 639)",21.94585955672658,19.867496558267852,8
"(604, 639)",21.885696968041643,19.62648672686607,8
"(748, 639)",24.556590665818476,22.12751011144872,8
"(286, 641)",24.20631585738662,22.005810730063693,8
"(288, 641)",24.234382627364468,22.345297694466225,8
"(222, 642)",23.02362381151648,20.84523051666921,8
"(285, 643)",23.853902039085632,21.63844899085469,8
"(287, 643)",24.049195450565072,22.79668283272325,8
"(285, 645)",23.753348256891236,21.742875143700225,8
"(564, 645)",22.05544803832297,19.870684124922484,8
"(364, 647)",22.699787228902068,20.337822525241407,8
"(414, 647)",19.829189347733568,18.36729978424364,8
"(566, 647)",21.750189657152738,19.744218192297446,8
"(251, 648)",23.693121936032945,22.231288451122495,8
"(473, 648)",23.018665938771576,20.7742785976721,8
"(475, 649)",23.36556759745355,20.82513372089118,8
"(477, 649)",23.191156781127354,20.995705108793246,8
"(498, 649)",22.757477658252917,20.603192655664735,8
"(717, 649)",23.30259451304392,20.486880142321063,8
"(719, 649)",23.61415745020407,20.486880142321063,8
"(472, 650)",22.932235355605883,21.373111310750865,8
"(474, 651)",23.009768363130483,21.263635369438184,8
"(476, 651)",23.523895165883495,22.70289135215107,8
"(478, 651)",22.994810676668713,20.611428599181274,8
"(497, 651)",22.7560705088748,20.70471810892225,8
"(499, 651)",22.812599184246125,21.047662721630594,8
"(88, 652)",21.359119922543293,19.146516463006186,8
"(472, 652)",23.107518173430897,22.07728316772981,8
"(549, 652)",20.163683300324216,18.646590242205427,8
"(551, 652)",20.238243827474925,18.62844453977973,8
"(701, 652)",23.943886347355168,21.65601725214953,8
"(131, 653)",23.065407829372766,20.83499454385568,8
"(474, 653)",23.09500588040372,20.952615686079916,8
"(476, 653)",23.576719403192058,21.527860270923355,8
"(133, 654)",23.610411793674736,21.576048881985862,8
"(549, 654)",20.057007627477965,18.491944205096694,8
"(474, 655)",22.76646135629013,20.817983803848982,8
"(476, 655)",22.93175554887533,20.817983803848982,8
"(726, 655)",21.045890679303767,19.39849005128169,8
"(725, 657)",20.810143521001912,19.39849005128169,8
"(524, 659)",21.935834966880776,19.992164042540743,8
"(526, 659)",22.378226703474866,19.927482143204692,8
"(586, 659)",23.0498733200195,20.554848446365014,8
"(588, 659)",22.6050898080943,20.37272392848299,8
"(594, 659)",22.513234498372107,20.347801910068803,8
"(590, 660)",22.45927304547574,20.40895963918195,8
"(677, 660)",22.733974489632978,20.834014979885303,8
"(496, 661)",21.770349869459267,21.02330759628883,8
"(587, 661)",23.191259912688515,20.7704667752609,8
"(498, 662)",22.083287432026836,20.430416373756046,8
"(677, 662)",22.537813542710033,20.571654594778373,8
"(729, 662)",20.403944715177083,18.91613820070485,8
"(496, 663)",22.47703440796456,20.58225267234276,8
"(618, 663)",22.03316120582938,20.251642147305006,8
"(498, 664)",22.42239903040555,21.769020582777593,8
"(500, 664)",22.081579271444376,20.420511631648424,8
"(680, 664)",22.645943850650333,20.428732431027235,8
"(496, 665)",21.7937718580771,20.849768402125406,8
"(617, 665)",22.740955730731294,22.200362815236176,8
"(619, 665)",22.644043811678813,21.390103358781104,8
"(498, 666)",22.196389243277018,20.849768402125406,8
"(645, 666)",22.199326260856076,20.326638384735112,8
"(301, 667)",23.505301794146966,20.54300063377137,8
"(615, 667)",22.225866301910777,23.532417364677052,8
"(617, 667)",25.292468104657786,23.532417364677052,8
"(619, 667)",23.030034824779612,21.376094816384196,8
"(290, 669)",21.793062124569815,20.33342392011923,8
"(292, 669)",21.815518092852415,20.310798240049323,8
"(194, 671)",23.260324041844726,21.551797681370374,8
"(518, 673)",22.493309096581797,20.438910504973755,8
"(517, 675)",22.403270505671237,20.292156326463513,8
"(636, 675)",22.01002634525365,20.442405210853195,8
"(631, 677)",21.682384053234934,19.96601027122849,8
"(633, 677)",21.948578719940265,20.545730092860346,8
"(636, 677)",21.80357000344872,20.131735435936243,8
"(663, 677)",22.299118134553005,19.96391051315559,8
"(631, 679)",21.74309044149725,20.545730092860346,8
"(633, 679)",21.902472967165025,20.545730092860346,8
"(635, 679)",21.871889322662646,20.131735435936243,8
"(637, 680)",21.84147257098774,20.206757720169996,8
"(531, 681)",20.907565493782137,19.269421905157913,8
"(634, 681)",21.916326050534337,20.362528214662696,8
"(168, 682)",19.127563228218214,18.058501748668192,8
"(170, 683)",19.11781230367459,18.059730534290914,8
"(350, 683)",22.599848652111795,20.519279926753946,8
"(433, 683)",22.776250382454393,20.469034775323657,8
"(533, 683)",20.73978410440737,19.301008231296287,8
"(168, 684)",19.143667961099737,18.03609792548182,8
"(417, 685)",21.461676008405867,19.436556562787793,8
"(419, 685)",21.55327781724465,19.58040478729597,8
"(683, 685)",22.845318938913614,20.691427915912534,8
"(685, 685)",22.718351797086875,20.65423442915303,8
"(396, 686)",22.153091564074906,20.411566601247877,8
"(417, 687)",21.494168111128353,19.48164447988355,8
"(683, 687)",22.979135503370323,20.7460788339641,8
"(685, 687)",22.757171657621676,20.69216755975041,8
"(391, 689)",22.274620552969985,20.572078481837558,8
"(369, 690)",23.317638244850258,22.058941292100563,8
"(738, 690)",22.89086710853212,20.837114086724483,8
"(322, 691)",20.81209304552238,18.624635060101276,8
"(336, 691)",22.39652987033137,20.129865047224534,8
"(621, 691)",22.72310099595868,20.73836100137151,8
"(106, 692)",23.481980835155916,23.146755040158077,8
"(368, 692)",23.046473051521595,21.05489727029091,8
"(546, 692)",22.110409300143452,19.908536045548978,8
"(222, 693)",25.022536815429632,21.365575054249838,8
"(224, 693)",23.407717487568966,22.47689614622238,8
"(107, 694)",23.698698241503912,23.146755040158077,8
"(424, 697)",22.13486629926333,20.063810757128245,8
"(426, 697)",22.010661282756594,20.063810757128245,8
"(509, 698)",23.603825853325084,21.375876566481182,8
"(423, 699)",22.210538464460917,20.026153042679482,8
"(425, 699)",22.054325486268056,19.9121411091107,8
"(425, 701)",22.226917060551855,19.977069706679416,8
"(370, 702)",23.13757030063946,20.661482940367506,8
"(336, 704)",24.76196226517427,21.391063521012804,8
"(336, 706)",23.04068412109571,21.391063521012804,8
"(94, 709)",22.131192333268594,20.046789558137547,8
"(91, 710)",22.276794653482014,20.298745149135783,8
"(465, 710)",23.717524862661953,21.000952058021902,8
"(685, 710)",23.643823302719106,20.989300152349088,8
"(93, 711)",22.38819898543035,20.046789558137547,8
"(120, 711)",19.945199051382154,18.639598296212128,8
"(385, 713)",20.647616306572218,18.92606460625023,8
"(513, 714)",22.6244386660046,20.57965480369826,8
"(339, 715)",23.634192618483453,20.198441468901002,8
"(357, 715)",23.094120510652424,21.313513587383632,8
"(359, 715)",23.510956023213147,21.313513587383632,8
"(337, 716)",22.161907749423257,19.902794052493945,8
"(543, 716)",22.24976011882392,20.231075599456567,8
"(339, 717)",22.105088252401174,20.198441468901002,8
"(648, 717)",21.536993826422425,19.830942638723933,8
"(53, 718)",23.740124898983538,21.075496563452134,8
"(55, 718)",22.7057702732996,21.075496563452134,8
"(720, 718)",22.83757965135326,20.90898957619772,8
"(566, 721)",22.561103548870705,20.376392208579865,8
"(681, 721)",22.274349369220666,20.87424780160746,8
"(720, 721)",22.30571835742932,20.17767490963029,8
"(722, 721)",22.31249289365222,20.22693911842417,8
"(681, 723)",22.486556870508473,20.88160565908543,8
"(720, 723)",22.236808462008803,20.058459909484277,8
"(722, 723)",22.354809872520782,20.281497650445665,8
"(88, 724)",22.545716655999563,19.986709396060455,8
"(536, 724)",22.382023183160094,19.302270672144026,8
"(269, 726)",23.617138752827586,21.66267989299589,8
"(376, 726)",23.410490739943917,21.483009992242664,8
"(656, 726)",22.208415816973343,21.357836670365877,8
"(377, 728)",22.391207028728374,20.138354250055606,8
"(653, 728)",21.27584555064167,19.386310358304925,8
"(538, 729)",22.056684994717017,19.48189935068455,8
"(251, 730)",21.093096943576697,19.529488442503016,8
"(653, 730)",20.846418887760265,19.11157648114147,8
"(579, 731)",24.98022418187478,22.557125003974868,8
"(651, 731)",21.151857633840613,19.161581244200228,8
"(364, 733)",23.721860888201142,21.207139725516647,8
"(376, 733)",21.85002825202333,19.926088728468017,8
"(378, 733)",21.984126526204335,19.21452653822795,8
"(377, 735)",21.133543583755504,19.21452653822795,8
"(467, 736)",23.525185368969694,22.04985626760851,8
"(280, 737)",22.84076458779522,20.594544467140693,8
"(283, 737)",22.996170263668226,20.558562331199617,8
"(538, 737)",23.07689530011976,22.171623785623858,8
"(540, 737)",23.111022259987585,22.171623785623858,8
"(668, 738)",18.717285818036302,18.03203562190855,8
"(670, 738)",18.67727372846479,17.998666991990923,8
"(283, 739)",23.019787485631298,20.673707384068045,8
"(208, 743)",24.1820648783862,22.656160663367857,8
"(210, 743)",23.713456526970866,22.656160663367857,8
"(580, 743)",22.07501713179952,19.976680709963333,8
"(579, 745)",22.10430823738971,20.151785870375427,8
"(581, 745)",22.001245016862775,19.976680709963333,8
"(350, 747)",20.611922582208827,18.90326472699988,8
"(580, 747)",22.259136105911644,20.094602263920983,8
"(209, 748)",23.15739476480386,21.724409715143842,8
"(555, 748)",22.348135422965733,20.395725074885362,8
"(557, 749)",23.21833729330111,19.570300585060885,8
"(399, 750)",23.46769950315771,22.14204591878513,8
"(404, 750)",22.88583383281283,21.96675818457914,8
"(702, 750)",22.178814194083266,19.8961419400951,8
"(411, 751)",23.869207422187934,23.02595335391522,8
"(522, 751)",22.932804343333878,20.621279279734047,8
"(557, 751)",21.639139940676166,19.570300585060885,8
"(330, 752)",22.79991719177648,20.537919320218407,8
"(413, 752)",22.984664240990497,23.737538668650238,8
"(558, 753)",21.972253873827505,19.38783505746037,8
"(441, 754)",20.48925636066989,18.774761648136256,8
"(493, 760)",24.717064428647134,21.107401796189954,8
"(455, 761)",24.1634745639278,21.886960256589305,8
"(491, 761)",23.74295600779542,21.107401796189954,8
"(566, 761)",19.10348840847945,17.620537516447676,8
"(564, 762)",19.115332651969133,17.60782825133409,8
"(566, 763)",19.074285707468512,17.56738608190784,8
"(568, 763)",19.11426964125213,17.633352938546835,8
"(146, 764)",22.163378467797543,19.957253796828383,8
"(182, 764)",23.591832748593156,21.814774547742132,8
"(564, 764)",19.1177508884315,17.64197063802186,8
"(566, 765)",19.088918076070094,17.608520597747322,8
"(71, 767)",24.27967666591821,21.75706222823485,8
"(73, 767)",24.393256810857082,22.29353904408292,8
"(680, 767)",23.950042136175675,21.327608485056196,8
"(70, 769)",24.31640350921115,21.75706222823485,8
"(72, 769)",24.111509394728408,22.29353904408292,8
"(213, 769)",23.12043051267144,20.612077861134516,8
"(228, 769)",19.197983237783376,18.19595997295948,8
"(249, 771)",22.329240534266113,20.593417301786168,8
"(490, 772)",25.94318306155825,22.395085501417448,8
"(223, 773)",19.22962916920732,18.239694099559358,8
"(506, 774)",23.45523327181619,21.288658570980346,8
